file,page_num,num_lines,Clear,Noisy,Trash,Non-text,Empty,total_word_count,total_char_count,avg_quality_score,avg_word_weird,avg_lang_score,avg_perplex,avg_vowel_ratio,avg_rot_ratio,ch_ratio,main_lang
CTX000000002,1,3,0,3,0,0,0,14,84,0.8645666666666667,0.0,1.0,269.3333333333333,0.436,0.3921333333333334,0.3333333333333333,ces_Latn
CTX000000002,2,2,1,0,1,0,0,4,37,0.9343,0.0,0.9343,90.0,0.4412,0.5758,0.0,ces_Latn
CTX000000002,3,2,0,2,0,0,0,9,51,0.7734,0.05835,0.9989,6753.5,0.23335,0.7414000000000001,0.0,ces_Latn
CTX000000002,4,2,0,1,0,1,0,6,38,0.8999,0.0,1.0,49.0,0.4545,0.625,0.0,ces_Latn
